id,first_collected_date,published_date,company,region,title,title_original,source,source_url,summary_ko,category,tags
0bd8f5e6,2026-03-12,2026-02-26,Wolt,GLOBAL,"DoorDash 아시아 시장 일부 철수 속 Wolt, 일본 철수 (en)",Wolt pulls out of Japan amid DoorDash exit from some Asian markets,The Japan Times,https://www.japantimes.co.jp/business/2026/02/26/companies/wolt-japan-exit/,"DoorDash, 자회사 Wolt의 일본·우즈베키스탄 철수 및 Deliveroo의 싱가포르·카타르 철수 발표 | Wolt 일본은 2020년 진입, 80개 도시 26개 현 운영했으나 Uber Eats·출前이칸 양강 90% 점유 구조에서 수익화 한계 | 서비스 종료일: 일본 2026-03-04. DoorDash '수익성 있는 규모화가 가능한 시장에 집중' 전략 재천명",business,Wolt;DoorDash;일본철수
c78dfe7e,2026-03-12,2026-02-27,Delivery Hero,GLOBAL,"Delivery Hero, 강력한 4분기 실적 발표…에브리데이 앱으로 사업 전환 (en)","Delivery Hero reports strong Q4, while business transforms into Everyday App",Delivery Hero,https://www.deliveryhero.com/newsroom/delivery-hero-reports-strong-q4-while-business-transforms-into-everyday-app/,"Delivery Hero, 2025년 Q4 GMV 9% 성장·조정 EBITDA 9억유로 달성으로 연간 첫 수익 달성 및 FCF 2억유로 초과 | 퀵커머스 GMV 75억유로 돌파, 2026년 목표 100억유로·AdTech 비중 3.2%까지 확대 | 3개 브랜드(Foodpanda·Foodora·Yemeksepeti) 통합 추진 및 중동·한국·통합 버티컬 집중 투자 전략 발표",product,Delivery Hero;실적;Everyday App
1b89b922,2026-03-12,2026-03-02,Meituan,GLOBAL,"Meituan 자회사, AI 기반 브라우저 'Tabbit' 출시 (en)",Meituan Unit Introduces AI-Powered Browser Tabbit,Yicai Global,https://www.yicaiglobal.com/news/meituan-unit-introduces-ai-powered-browser-tabbit,"메이투안 AI연구팀 GN06, AI 네이티브 브라우저 'Tabbit' 공개 베타 출시 | 음식배달 넘어 AI 응용 확장 전략 일환, 중국 빅테크 AI 브라우저 경쟁 합류",tech,Meituan;AI;Tabbit
754669ab,2026-03-13,2026-03-02,Wolt,GLOBAL,"Wolt Market, 몰타에서 새 브랜드 아이덴티티 공개…현지 생산자 협력 강화 (en)","Wolt Market unveils refreshed identity in Malta, strengthening its commitment to local producers",The Business Picture,https://thebusinesspicture.com/2026/03/02/wolt-market-unveils-refreshed-identity-in-malta-strengthening-its-commitment-to-local-producers-fresh-quality/,"Wolt Market, 몰타에서 브랜드 정체성 刷新 및 현지 생산자·신선 품질 강화 방향으로 리브랜딩 | Wolt Market 유럽 다국가 확장 전략의 일환으로 지역 특화 상품 라인업 강화",product,Wolt;Wolt Market;몰타
e7ea3a9d,2026-03-16,2026-03-03,INDUSTRY-KR,KR,[이슈플러스] 배민·쿠팡이츠도 장보기까지 붙는다 (ko),"배달앱 수수료 상한제, 비용 전가·풍선효과 우려",ZDNet Korea,https://zdnet.co.kr/view/?no=20260303163336,배달앱 수수료 상한제 입법 시 플랫폼이 광고비·배달비로 비용 전가하는 풍선효과 우려 제기 | 이중가격제 확산·외식시장 위축 부작용 가능성 지적,business,INDUSTRY-KR;수수료상한제;규제
429ff051,2026-03-16,2026-03-04,Just Eat Takeaway,GLOBAL,"Just Eat Takeaway, 덴마크 사업 철수 계획 발표 (en)",Just Eat Takeaway.com intends to cease operations in Denmark,Just Eat Takeaway Newsroom,https://newsroom.justeattakeaway.com/en-WW/262776-just-eat-takeaway-com-intends-to-cease-operations-in-denmark/,"Just Eat Takeaway, 덴마크 사업 종료 공식 발표, 직원 120명·배달원 160명 영향 | 전략적 시장 재조정 일환",business,Just Eat Takeaway;덴마크;구조조정
9bdeb96c,2026-03-18,2026-03-04,쿠팡,KR,쿠팡 이용자 석 달째 감소...정보 유출 이후 127만 명 줄어 (ko),쿠팡 이용자 석 달째 감소...정보 유출 이후 127만 명 줄어,YTN Science,https://m.science.ytn.co.kr/program/view_today.php?s_mcd=0082&key=202603041606030843,"개인정보 유출 후 쿠팡 MAU 127만 명 감소 | 2월 3,312만 명으로 3개월 연속 하락세",business,쿠팡;이용자감소;개인정보유출
1cae9a1d,2026-03-12,2026-03-05,DoorDash,GLOBAL,"DoorDash·프리몬트시, 레스토랑 위크 시작…자율배달로봇 Dot 첫 배달 (en)","DoorDash, City of Fremont Kick Off Restaurant Week with Inaugural Dot Delivery",DoorDash,https://about.doordash.com/en-us/news/doordash-fremont-restaurant-week,"DoorDash, 자체 개발 자율배달로봇 'Dot' 캘리포니아 프리몬트에서 첫 배달 성공적 운행 | Sonic Manufacturing과 공동 개발한 전동 로봇, 시속 5~20mph로 보도·자전거도로 주행 | 2027년 3월까지 최대 30대 로봇 자율운행 허가 취득 예정",tech,DoorDash;자율배달로봇;Dot
f048de07,2026-03-13,2026-03-05,배달의민족,KR,[유통시장 혁신②] '배민온리' 논쟁 확산…공정거래법 판단 기준 주목 (ko),[유통시장 혁신②] '배민온리' 논쟁 확산…공정거래법 판단 기준 주목,뉴스투데이,https://www.news2day.co.kr/article/20260305500262,"배달의민족·처갓집양념치킨 '배민온리' 프로모션, 경쟁 플랫폼 이용 제한 효과로 공정거래법 위반 쟁점 부상 | 공정위, 우아한형제들의 '배민배달' 자사우대 시스템 혐의로 제재 절차 착수",business,배달의민족;배민온리;공정거래
7ab0bfda,2026-03-13,2026-03-05,DoorDash,GLOBAL,"DoorDash Reservations, 시카고로 확장…전국 프리미어 레스토랑 파트너 추가 (en)",DoorDash Reservations Expands to Chicago and Adds New Premier Restaurant Partners Nationwide,DoorDash Newsroom,https://about.doordash.com/en-us/news/chicago-reservations,DoorDash가 예약 서비스를 시카고로 확장하고 전국 신규 레스토랑 파트너를 추가했다 | 뉴욕·마이애미·라스베이거스에 이은 4번째 도시 확대로 예약마다 $10~$12 크레딧 제공,product,DoorDash;예약서비스;시카고확장
7ea53d9b,2026-03-13,2026-03-05,INDUSTRY-GLOBAL,GLOBAL,600억 달러+ 온라인 음식 배달 시장 글로벌 전망 2026-2032 (en),$60+ Bn Online Food Delivery & Takeaway Markets - Global Forecast 2026-2032,GlobeNewsWire (Research and Markets),https://www.globenewswire.com/news-release/2026/03/05/3250340/0/en/60-Bn-Online-Food-Delivery-Takeaway-Markets-Global-Forecast-2026-2032-Digital-Ordering-Platform-Competition-and-Changing-Consumer-Expectations-Drive-Strategic-Transformation.html,글로벌 온라인 음식배달 시장이 2026년 341억 달러에서 2032년 601억 달러(CAGR 9.7%)로 성장 전망 | 통합 플랫폼 투자·혁신 결제 모델·소비자 편의성 수요가 주요 성장 동력,business,INDUSTRY-GLOBAL;글로벌시장;음식배달
543bee95,2026-03-16,2026-03-05,INDUSTRY-GLOBAL,GLOBAL,"패스트푸드 산업 리포트 2026: 2030년 8682억 달러 규모, 식물성 트렌드·주방 자동화·앱 배달 플랫폼 주도 (en)","Fast Food Industry Report 2026: A $868.19 Billion Market by 2030 Driven by Plant-Based Trends, Kitchen Automation and App-Based Delivery Platforms",GlobeNewswire,https://www.globenewswire.com/news-release/2026/03/05/3250358/28124/en/Fast-Food-Industry-Report-2026-A-868-19-Billion-Market-by-2030-from-658-85-Billion-in-2025-Driven-by-Plant-Based-Dining-Trends-Kitchen-Automation-and-Expanding-App-Based-Delivery-P.html,"글로벌 패스트푸드 시장 2025년 $658.85B → 2030년 $868.19B 전망, 앱 배달 플랫폼 확장이 핵심 성장 동력 | 식물성 메뉴·주방 자동화도 주요 트렌드로 부상",business,INDUSTRY-GLOBAL;패스트푸드;앱배달
97247f4e,2026-03-18,2026-03-05,DoorDash,GLOBAL,"DoorDash Ads, 프랜차이즈 브랜드용 업계 최초 광고 툴 출시 (en)",DoorDash Ads Launches Industry-First Advertising Tool For Franchise Brands,DoorDash Newsroom,https://about.doordash.com/en-us/news/ad-tool-for-franchise-brands,"DoorDash, 프랜차이즈 공동 광고캠페인 조율 신기능 출시 | 본사-가맹점 마케팅 연동, 베타 매출 평균 15% 상승",product,DoorDash;프랜차이즈광고;플랫폼
7e92600b,2026-03-18,2026-03-05,Instacart,GLOBAL,"Instacart CEO, 미국 의회에서 AI 동적 가격 책정 기술 질의받아 (en)",Instacart CEO Questioned by U.S. Congress Over AI Dynamic Pricing Technology,House Committee on Oversight,https://oversight.house.gov/wp-content/uploads/2026/03/Letter-to-Instacart_3.5.2026.pdf,"美 하원, 인스타카트 AI 개인별 차등가격 관행 조사 | 고객별 최대 23% 가격차, 의회 규제 압박 가시화",business,Instacart;AI가격차별;규제
f4f58fe1,2026-03-18,2026-03-05,出前館(Demae-can),GLOBAL,"데마에칸, 배송비 무료 캠페인 전국 확대…배송비는 데마에칸 전액 부담 (jp)",出前館／送料無料キャンペーン全国に拡大、送料は出前館が負担,流通ニュース,https://www.ryutsuu.biz/strategy/e0305004.html,"데마에칸, 무료배달 전국 47개 도도부현 확대 시행 | 가맹점 1만 곳 이상 대상, 배달비 전액 회사 부담",product,出前館(Demae-can);무료배달;서비스확대
6af35588,2026-03-12,2026-03-06,Instacart,GLOBAL,"미국 하원위원회, AI 기반 감시 가격 책정 기업들에 정보 공개 요구 (en)",US House committee asks travel companies to disclose AI-based surveillance pricing,American Bazaar,https://americanbazaaronline.com/2026/03/06/us-house-committee-asks-travel-companies-to-disclose-ai-based-surveillance-pricing-476434/,"미국 하원 감독위원회, Instacart를 포함한 소비자 데이터 기반 AI 감시 가격 책정 기업들에 알고리즘·수익 데이터 제출 요청 서한 발송 | Instacart는 동일 상점·동일 시간 동일 상품에 최대 23% 가격 차등 적용 의혹을 받으며 NY AG 조사에 이어 의회 조사까지 직면 | Instacart는 이미 AI 가격 테스트를 종료했으나 의회는 3월 19일까지 상세 내역 제출 요구",business,Instacart;AI가격책정;규제
6bd63723,2026-03-12,2026-03-07,Swiggy,GLOBAL,"Swiggy HDFC 신용카드, BLCK·ORNGE 두 종류로 분리 및 혜택 개편 (en)",Swiggy HDFC Credit Card splits into BLCK and ORNGE variants with revised benefits,Live From A Lounge,https://livefromalounge.com/swiggy-hdfc-credit-card-split-into-blck-and-ornge-variants-here-is-what-changes/,"Swiggy HDFC 코브랜드 카드, 프리미엄 BLCK(연회비 ₹9,999)과 일반 ORNGE(연회비 ₹999) 두 티어로 분리 리런칭 | BLCK는 Swiggy 주문 10% 캐시백·공항라운지 접근 등 프리미엄 혜택, ORNGE는 5% 캐시백 기본 제공 | 기존 단일 카드 대비 세분화된 고객군 타겟팅 전략",product,Swiggy;HDFC;코브랜드카드
dcd57092,2026-03-12,2026-03-08,DoorDash,GLOBAL,"DoorDash, AI로 피자 주문 간소화…가맹점 매출 증대 지원 (en)",DoorDash Uses AI to Make Pizza Ordering Easier — and Help Merchants Drive Sales,DoorDash,https://about.doordash.com/en-us/news/ai-powered-pizza-experience,"DoorDash, AI로 피자 메뉴를 단계별 시각적 주문 플로우로 변환하는 기능 출시(Pi Day 3/14 공개) | 2025년 피자 주문 1.5억 건 기반, 향후 타 카테고리로 확장 예정",tech,DoorDash;AI;메뉴최적화
f1f30a72,2026-03-12,2026-03-09,Meituan,GLOBAL,"Meituan, 중동에서 장기 전략을 취해야 (en)",Meituan Should Play the Long Game in the Middle East,Bloomberg Opinion,https://www.bloomberg.com/opinion/articles/2026-03-09/meituan-should-play-the-long-game-in-the-middle-east,"Bloomberg, Meituan의 중동 확장 전략 심층 분석 | Keeta, 사우디 시장서 Delivery Hero 계열 다음 2위 사업자로 성장, 중동 전체 GMV의 2/3 이상 점유 | 이란 분쟁·UAE 배달 지연 등 지정학적 리스크 경고, 동시에 브라질 Sao Paulo 진출 초기 차질도 언급 | 단기 수익 추구보다 장기 시장 구축 전략 권고",business,Meituan;Keeta;중동
c7da8546,2026-03-12,2026-03-09,Meituan,GLOBAL,"이란 분쟁·브라질 철수 우려 속 Meituan, 걸프 지역 확장 가속 (en)",Meituan Doubles Down on Gulf Expansion as Iran Conflict and Brazil Setback Loom,GuruFocus / TradingView,https://www.tradingview.com/news/gurufocus:8489b7555094b:0-meituan-doubles-down-on-gulf-expansion-as-iran-conflict-and-brazil-setback-loom/,"Meituan, 이란 분쟁·브라질 차질에도 걸프 6개국 확장 기조 유지 의사 재확인 | Keeta 쿠웨이트·UAE 두바이·아부다비·카타르 도하 등 2025년 하반기 순차 진입 | 사우디 시장 GMV 성장률 업계 최고 수준 기록, 중동 GMV가 해외 전체의 2/3 차지",business,Meituan;Keeta;걸프
28904db8,2026-03-12,2026-03-10,컬리,KR,"첫 흑자 컬리, 식품 넘어 패션까지…'라이프스타일 플랫폼' 확장 (ko)","첫 흑자 컬리, 식품 넘어 패션까지…'라이프스타일 플랫폼' 확장",글로벌이코노믹,https://www.g-enews.com/article/Distribution/2026/03/202603101540021840740eacf404_1,"컬리, 2025년 창사 첫 연간 영업익 흑자(131억원) 달성 및 매출 2.4조 역대 최대 기록 | 신선식품 넘어 뷰티·패션까지 라이프스타일 플랫폼으로 카테고리 확장 전략 가속화 | 컬리멤버스 140만명·MAU 30% 성장 등 고객 기반 확대",product,컬리;흑자전환;라이프스타일
0ae81c23,2026-03-18,2026-03-10,出前館(Demae-can),GLOBAL,"지속되는 대규모 적자, 데마에칸의 새 전략…배달원들의 의구심 (jp)",ずっと大赤字｢出前館の新施策｣配達員の違和感,東洋経済オンライン,https://news.infoseek.co.jp/article/toyokeizai_20260310_937310/,"데마에칸, 지속 적자에도 무료배달·점포가격 서비스 공격적 확대 | 수익성 우려 속 점유율 회복 위한 고비용 전략 강행",business,出前館(Demae-can);적자전략;점유율확보
e59989a2,2026-03-12,2026-03-11,Uber Eats,GLOBAL,"Uber Eats, 필라델피아에 배달 로봇 서비스 출시 (en)",Uber Eats launches delivery robots in Philly,Axios Philadelphia,https://www.axios.com/local/philadelphia/2026/03/11/uber-eats-launches-delivery-robots-in-philly,"Uber Eats, 자율주행 로봇 스타트업 Avride와 협력해 필라델피아 센터시티에서 자율배달로봇 서비스 정식 출시 | 로봇 2.5피트 높이, 시속 5mph 주행, 앱 내 실시간 추적 및 잠금 해제 지원, 추가 요금 없음 | 20여 레스토랑 참여, 10~22시 운영",tech,Uber Eats;자율배달로봇;Avride
d35e5681,2026-03-12,2026-03-11,Swiggy,GLOBAL,"Swiggy, Marriott Bonvoy와 제휴…음식 주문으로 호텔 포인트 적립 가능 (en)",Swiggy partners with Marriott Bonvoy to let customers earn hotel loyalty points on food orders,Card Insider,https://cardinsider.com/blog/marriott-bonvoy-partners-with-swiggy/,"Swiggy, 글로벌 호텔 로열티 프로그램 Marriott Bonvoy와 파트너십 체결 | Swiggy 앱에서 음식 주문 시 Marriott Bonvoy 포인트 적립 가능, 인도 최초 음식배달·호텔 리워드 연계 사례 | 월 최대 2,000 보너스 포인트 제공, Swiggy One Lite 이상 회원 대상",partnership,Swiggy;Marriott Bonvoy;로열티
46301f59,2026-03-13,2026-03-11,Wolt,GLOBAL,"Wolt Market, 풀 슈퍼마켓 경험 구축에 더욱 집중 (en)",Helsinki-based Wolt Market doubles down on building a full supermarket experience,Retail Technology Innovation Hub,https://retailtechinnovationhub.com/home/2026/3/11/helsinki-based-wolt-market-doubles-down-on-building-a-full-supermarket-experience,"Wolt Market, 헬싱키에서 신선식품(과일·채소·육류·생선) 강화 및 수천 개 신규 상품 추가로 완전한 주간 장보기 서비스 목표 재천명 | 2020년 수백 개 상품으로 시작해 현재 100개 이상 매장·매장당 5,000~7,000개 상품 규모로 성장",product,Wolt;Wolt Market;퀵커머스
15beda5f,2026-03-13,2026-03-11,Uber Eats,GLOBAL,"Uber Eats, 마켓플레이스 수수료 인상 (en)",Uber Eats raises marketplace fees,Restaurant Dive,https://www.restaurantdive.com/news/uber-eats-increases-marketplace-fees/814294/,"Uber Eats, 10년 만에 처음으로 레스토랑 수수료 인상(3월 11일 발효) - Lite 15%→20%, Plus 20%→25%로 인상 | 운영비 증가 대응 및 Uber One 회원 주문 증가를 반영한 요금 체계 개편",product,Uber Eats;수수료인상;레스토랑
87fbfca4,2026-03-18,2026-03-11,Deliveroo,GLOBAL,"Deliveroo, 직장 수요 회복세에 런던서 오피스 케이터링 서비스 출시 (en)",Deliveroo launches office catering service in London as workplace food demand rebounds,Grocery Gazette,https://www.grocerygazette.co.uk/2026/03/11/deliveroo-launches-office-catering-service-in-london-as-workplace-food-demand-rebounds/,"Deliveroo, 런던에서 기업 케이터링 서비스 시범 출시, 24시간~5일 전 대량 주문 가능 | Addison Lee 제휴로 사무실 식사 수요 대응",product,Deliveroo;기업케이터링;B2B
520c52f0,2026-03-13,2026-03-12,Instacart,GLOBAL,"Fareway, Instacart와 제휴해 향상된 디지털 식료품 서비스 출시 (en)",Fareway Partners with Instacart to Launch Enhanced Digital Grocery Experience,Instacart,https://investors.instacart.com/news-releases/news-release-details/fareway-partners-instacart-launch-enhanced-digital-grocery,"Instacart, 중서부 140개 이상 매장 운영 Fareway와 파트너십 체결·Storefront Pro 기반 온라인 쇼핑 경험 출시 | 마크업 없는 픽업 주문 지원으로 중소 식료품점 파트너 네트워크 확대 전략 강화",partnership,Instacart;Fareway;Storefront Pro
ed04c571,2026-03-13,2026-03-12,Uber Eats,GLOBAL,"Serve Robotics·White Castle, Uber Eats 통해 자율 배달 서비스 출시 (en)",Serve Robotics and White Castle launch autonomous delivery via Uber Eats,Robotics and Automation News,https://roboticsandautomationnews.com/2026/03/12/serve-robotics-and-white-castle-launch-autonomous-delivery-via-uber-eats/99525/,"Serve Robotics와 White Castle이 Uber Eats 통해 자율주행 로봇 배달 서비스를 공식 출시했다 | 미국 LA·마이애미 등 7개 도시 서비스 시작, 추가 도시 확장 예정",tech,Uber Eats;자율주행로봇;Serve Robotics
f060d1f8,2026-03-13,2026-03-12,Grab,GLOBAL,"유가 급등 속 Grab, 싱가포르 드라이버 대상 즉각 긴급 지원 (en)","Singapore's Grab provides immediate, interim relief for drivers as oil price surges",TechNode Global,https://technode.global/2026/03/12/singapores-grab-provides-immediate-interim-relief-for-drivers-as-oil-price-surges/,Grab이 중동발 유가 급등으로 어려움에 처한 드라이버 파트너에게 즉각적인 임시 지원을 발표했다 | 5개국에서 스팟 보너스·인센티브 리베이트·주유 쿠폰 제공 시작,product,Grab;드라이버지원;유가급등
c2a5c3bb,2026-03-13,2026-03-12,Just Eat Takeaway,GLOBAL,"Just Eat Takeaway, 세계 최초 식물성 단백질 코팅 포장재로 유럽 친환경 포장 라인 출시 (en)",Just Eat Takeaway.com brings sustainable packaging range to European markets with world-first plant protein coated takeaway boxes,Business Focus Magazine,https://businessfocusmagazine.com/2026/03/12/just-eat-takeaway-com-brings-sustainable-packaging-range-to-european-markets-with-world-first-plant-protein-coated-takeaway-boxes/,Just Eat Takeaway가 Huhtamaki와 협력해 유럽 10개국에 식물성 단백질 코팅 친환경 포장재를 출시했다 | 플라스틱프리 테이크아웃 박스 세계 최초 도입으로 지속가능성 전략 가속화,partnership,Just Eat Takeaway;지속가능성;친환경포장
b464cc11,2026-03-16,2026-03-12,INDUSTRY-GLOBAL,GLOBAL,"중동 전쟁발 LPG 위기, Zomato·Swiggy 배달 타격 (en)","LPG crisis amid Middle East war hits Zomato, Swiggy deliveries",India TV,https://www.indiatvnews.com/technology/news/lpg-crisis-amid-middle-east-war-hits-zomato-swiggy-deliveries-gig-workers-struggle-with-falling-orders-2026-03-12-1033528,"LPG 부족으로 인도 음식배달 시장 주문량 50~60% 감소, 배달원 일일 배송 30건→5건 급락 | 지정학적 위기가 배송업 생태계 타격",business,INDUSTRY-GLOBAL;Zomato;Swiggy
87018bda,2026-03-19,2026-03-12,Zomato,GLOBAL,"Eternal, 치열한 퀵커머스 경쟁 속 Blinkit에 4억5천만 루피 투자 (en)",Eternal Injects ₹450 Cr Into Blinkit Amid Intense Quick Commerce Competition,Inc42,https://inc42.com/buzz/eternal-injects-%E2%82%B9450-cr-into-blinkit-amid-intense-quick-commerce-competition/,"Eternal, 퀵커머스 자회사 블링킷에 450억 루피 투자, 2026년 첫 자본 투입 | 3000개 다크스토어 목표로 퀵커머스 인프라 확장, 경쟁 심화 속 대응 전략",business,Zomato;Blinkit;퀵커머스
e0c5659f,2026-03-20,2026-03-12,쿠팡이츠,KR,"쿠팡이츠, 입점사에 갑질했나…공정위, 내달 '최혜대우' 심의 (ko)","쿠팡이츠, 입점사에 갑질했나…공정위, 내달 '최혜대우' 심의",이데일리,https://edaily.co.kr/News/Read?mediaCodeNo=257&newsId=01735126645382664,"공정위, 4월 29일 쿠팡이츠 최혜대우(MFN) 요구 행위 전원심의 예정 | 시장지배 사업자 첫 심판 사례로 과징금 등 강력 제재 가능성",business,쿠팡이츠;공정위;최혜대우
58b82e03,2026-03-16,2026-03-13,INDUSTRY-KR,KR,"배달앱 수수료 상한제, 비용 전가·풍선효과 우려 (ko)",[이슈플러스] 배민·쿠팡이츠도 장보기까지 붙는다,전자신문,https://www.etnews.com/20260313000109,"배달의민족·쿠팡이츠가 퀵커머스 장보기 서비스로 전선 확장, 편의점·SSM·마트 중개 대폭 확대 | 양강 구도 속 퀵커머스 시장 주도권 다툼 본격화",product,INDUSTRY-KR;배달의민족;쿠팡이츠
012d03a7,2026-03-18,2026-03-13,Delivery Hero,GLOBAL,"Delivery Hero 투자사 Aspex, CEO에 경영 개선 촉구…미이행 시 퇴진 압박 (en)",Delivery Hero investor Aspex calls on CEO to step up turnaround or face ouster,Reuters (via TradingView),"https://www.tradingview.com/news/reuters.com,2026:newsml_L6N4010LI:0-delivery-hero-investor-aspex-calls-on-ceo-to-step-up-turnaround-or-face-ouster/","Delivery Hero 2대주주 Aspex, CEO에 구조조정 가속 또는 경영진 교체 촉구 | 아시아·중동·중남미 사업 매각 압박",business,Delivery Hero;주주압박;경영진교체
78f3a750,2026-03-19,2026-03-13,INDUSTRY-KR,KR,"'내일은 늦다', 즉시배송 시대로⋯6조 퀵커머스 시장 '무한 경쟁'[달아오른 K퀵커머스戰] (ko)","'내일은 늦다', 즉시배송 시대로⋯6조 퀵커머스 시장 '무한 경쟁'[달아오른 K퀵커머스戰]",이투데이,https://www.etoday.co.kr/news/view/2562707,"국내 퀵커머스 시장, 2020년 대비 10배 성장해 2030년 5.9조원 전망 | 배민·쿠팡이츠·GS25·CU 등 구조 경쟁으로 전환, 속도 외 품질·신선도 차별화",business,INDUSTRY-KR;퀵커머스;배달앱경쟁
2e6c13bd,2026-03-18,2026-03-14,Meituan,GLOBAL,"Meituan CEO, 집중적 글로벌 확장 촉구…'무분별한' 진출 경고 (en)","Meituan CEO Urges Focused Global Expansion, Warns Against 'Blind' Push",Caixin Global,https://www.caixinglobal.com/2026-03-14/meituan-ceo-urges-focused-global-expansion-warns-against-blind-push-102422797.html,"메이퇀 CEO, 무분별한 글로벌 확장 경계 발언 | 즉시배달 핵심사업 집중, 브라질·중동 신중 접근 천명",business,Meituan;글로벌전략;해외확장
2d32773a,2026-03-16,2026-03-15,INDUSTRY-KR,KR,글로벌 음식배달 시장 성장세 입증…온라인 증가에 퀵커머스도 호황 (ko),글로벌 음식배달 시장 성장세 입증…온라인 증가에 퀵커머스도 호황,전자신문,https://www.etnews.com/20260315000037,팬데믹 이후 글로벌 음식배달 시장이 지속 성장세 입증 | 퀵커머스와 구독 서비스 확대로 새로운 성장 모멘텀 마련,business,INDUSTRY-KR;배달;퀵커머스
8b04de43,2026-03-18,2026-03-16,iFood,GLOBAL,단독 인터뷰: iFood의 Mariana Werneck이 밝히는 2026년 드론 배달의 미래 (pt),"Entrevista exclusiva: Mariana Werneck, do iFood, revela o futuro das entregas por drones em 2026",Tecflow,https://tecflow.com.br/2026/03/16/ifood-drones-entrevista-mariana-werneck-2026/,"iFood, 상파울루 등 대도시로 드론 배달 확장 예정, Speedbird Aero에 투자 | 고속도로·하천 등 기존 배달 비효율 구간 대상 우선 운영 계획",tech,iFood;드론배달;Speedbird Aero
77d5e5dc,2026-03-18,2026-03-16,쿠팡,KR,"""근무 14개월 만에 쓰러진 40대 가장""… 유족 두 번 울린 쿠팡, 결국 고용부 철퇴 맞는다 (ko)","""근무 14개월 만에 쓰러진 40대 가장""… 유족 두 번 울린 쿠팡, 결국 고용부 철퇴 맞는다",EconMingle,https://econmingle.com/news/coupang-industrial-safety-inspection-2026/,"고용노동부, 쿠팡 산업안전감독 착수 | 배송 중 사망사고 및 산재 은폐 의혹으로 규제 조사 개시",business,쿠팡;노동규제;산업안전
aae23ffe,2026-03-19,2026-03-16,INDUSTRY-GLOBAL,GLOBAL,"99Food, 브라질 재진출로 음식 배달 경쟁 재점화 (en)","99Food Returns to Brazil, Reigniting Food Delivery Competition",BRICS Competition,https://www.bricscompetition.org/news/99food-returns-to-brazil-reigniting-food-delivery-competition,"디디의 99Food, 브라질 음식배달 시장 재진입으로 경쟁 재점화 | iFood 80% 독점 시장에 중국 플랫폼 도전 본격화",business,INDUSTRY-GLOBAL;99Food;iFood
e8a268c0,2026-03-19,2026-03-16,쿠팡,KR,"[단독]쿠팡, 일반회원 1만9800원 이상 결제해야 무료 로켓배송…판매가 아닌 '실결제액' 기준으로 변경 (ko)","[단독]쿠팡, 일반회원 1만9800원 이상 결제해야 무료 로켓배송…판매가 아닌 '실결제액' 기준으로 변경",전자신문,https://www.etnews.com/20260316000407,"쿠팡, 4월 중순부터 일반회원 무료 로켓배송 기준을 실결제액 기준으로 변경 단행 | 쿠폰 적용 전 판매가 기준에서 실결제액 기준으로 변경, 업계 표준 맞추고 가격 조작 방지",product,쿠팡;로켓배송;배송정책
e2e3ec6f,2026-03-20,2026-03-16,쿠팡,KR,"노동부, 쿠팡 산업안전감독 착수…과로사·산재 은폐 의혹 전면 조사 (ko)","노동부, 쿠팡 산업안전감독 착수…과로사·산재 은폐 의혹 전면 조사",YTN,https://www.ytn.co.kr/_ln/0103_202603161031362433,"고용노동부, 쿠팡 본사·물류 자회사 등 100여 곳 산업안전 감독 착수 | 2025년 현장 사망 8건·산재 은폐 의혹 계기, 산안법 위반 전반 조사",business,쿠팡;산업안전감독;노동규제
ad5fb5bd,2026-03-18,2026-03-17,Zomato,GLOBAL,"단독: Zomato, 고단백 클라우드 키친 브랜드 'Ritual' 출시 (en)",Exclusive: Zomato Rolls Out High-Protein Cloud Kitchen Brand 'Ritual',Inc42,https://inc42.com/buzz/zomato-high-protein-brand-ritual-launch/,"조마토, 구루그람서 고단백 클라우드키친 'Ritual' 시범 출시 | Massive Restaurants 협업, 피트니스 식단 수요 공략",product,Zomato;클라우드키친;고단백식품
1baba02d,2026-03-19,2026-03-17,INDUSTRY-GLOBAL,GLOBAL,"레스토랑 예약 플랫폼 경쟁, 둔화 기미 없어 (en)",The restaurant reservations wars shows no signs of slowing down,CNN Business,https://www.cnn.com/2026/03/17/business/restaurant-reservations-apps-markets,DoorDash 등 배달앱의 레스토랑 예약 서비스 경쟁 심화 | 배달플랫폼이 다이닝 예약 시장까지 영역 확장하며 구조 재편,business,INDUSTRY-GLOBAL;레스토랑예약;DoorDash
dbff0082,2026-03-20,2026-03-17,Delivery Hero,GLOBAL,"Delivery Hero, 14억 달러 규모 Term Loan B 자금 조달 완료 (en)",Delivery Hero successfully allocates new Term Loan B facility,EQS News,https://www.eqs-news.com/news/corporate/delivery-hero-successfully-allocates-new-term-loan-b-facility/142cb58b-c743-4ade-a2cc-ae17fc23c0d6_en,"Delivery Hero, 14억 달러 Term Loan B 조달 완료…2032년 만기, 2026년 만기 전환사채 상환 목적 | 시장 변동성으로 당초 15억에서 14억으로 축소, JPMorgan 주관",business,Delivery Hero;채권상환;자금조달
ba857681,2026-03-19,2026-03-18,DoorDash,GLOBAL,"DoorDash 보고서, 이륜 배달기기가 지역 상권에 지속 기여함을 입증 (en)",New Report Demonstrates Two-Wheeled Devices Continue to Deliver for Local Commerce,DoorDash,https://about.doordash.com/en-us/news/2026-two-wheel-report,"2024-25년 자전거 배달이 차량 대비 4배 빠른 성장세 기록 | 라이더 시간효율 15%·시급 10% 향상, 도심 인프라와 연동 효과",tech,DoorDash;이륜차배달;라이더효율
bd159ba6,2026-03-20,2026-03-19,쿠팡,KR,탈팡족 돌아왔다…쿠팡 이용자 2800만명대 회복 (ko),탈팡족 돌아왔다…쿠팡 이용자 2800만명대 회복,머니투데이,https://www.mt.co.kr/living/2026/03/19/2026031910021718676,쿠팡 WAU 2828만명으로 개인정보 유출 사태 직전 수준에 근접 회복 | 1월 구매이용권 지급 후 점진적 회복세지만 MAU·영업이익은 여전히 감소 지속,business,쿠팡;이용자회복;개인정보유출
40114ffb,2026-03-20,2026-03-19,DoorDash,GLOBAL,"DoorDash, AI·로봇 훈련용 영상 촬영 시 보수 지급하는 'Tasks' 앱 출시 (en)",DoorDash launches a new 'Tasks' app that pays couriers to submit videos to train AI,TechCrunch,https://techcrunch.com/2026/03/19/doordash-launches-a-new-tasks-app-that-pays-couriers-to-submit-videos-to-train-ai/,"DoorDash, 기사들이 AI·로봇 학습용 영상 제출 시 별도 보수 지급하는 Tasks 앱 출시 | 긱워커를 AI 데이터 공급원으로 활용하는 신규 수익 모델 개척",tech,DoorDash;AI;로봇훈련
dad359d8,2026-03-20,2026-03-19,DoorDash,GLOBAL,"미국 상원, 배달 플랫폼의 대형 체인 특별 가격 협약 금지 법안 발의…DoorDash 주가 4% 하락 (en)",Why DoorDash (DASH) Stock Is Falling Today,Yahoo Finance,https://uk.finance.yahoo.com/news/why-doordash-dash-stock-falling-184038880.html,"미 상원, 배달 플랫폼의 대형 체인 특별 가격 협약 금지 법안 발의 | 소형 경쟁업체 불이익 유발 계약 행위 규제 목적, DoorDash·Uber Eats 등 주요 플랫폼 영향",business,DoorDash;규제;Uber Eats
2c3d1dd0,2026-03-23,2026-03-19,DoorDash,GLOBAL,"DoorDash, Foot Locker·Kids Foot Locker·Champs Sports와 온디맨드 리테일 배달 파트너십 체결 (en)","DoorDash Teams Up with Foot Locker, Kids Foot Locker, and Champs Sports for On-Demand Retail Delivery",DoorDash Newsroom,https://about.doordash.com/en-us/news/doordash-teams-up-with-foot-locker,"DoorDash, Foot Locker 등 1,300개 매장 온디맨드 배달 제휴 | 식품 외 리테일 카테고리 확장 가속화",partnership,DoorDash;Foot Locker;리테일 배달
dd45a3dc,2026-03-23,2026-03-17,Amazon,GLOBAL,"Amazon, 미국 주요 도시에 1시간·3시간 배달 옵션 출시 (en)",The delivery speed wars are heating up as Amazon rolls out 1-hour delivery,Axios,https://www.axios.com/2026/03/17/amazon-1-hour-delivery-speed-war-walmart,"Amazon, 9만여 품목 대상 1시간·3시간 배달 미국 확대 출시 | Walmart과 배달 속도 경쟁 본격화",product,Amazon;초고속 배달;퀵커머스
05e5fd02,2026-03-23,2026-03-20,Zomato,GLOBAL,"Zomato, 플랫폼 수수료 19% 인상해 건당 ₹14.9로 (en)",Zomato hikes platform fee by 19% to ₹14.90 amid rising delivery costs,Business Standard,https://www.business-standard.com/companies/news/zomato-hikes-platform-fee-by-19-per-cent-to-rs-14-90-126032000937_1.html,"Zomato, 중동 위기발 유가 상승으로 플랫폼 수수료 19% 인상 | 경쟁사 Swiggy는 ₹14.99 유지 중",business,Zomato;플랫폼 수수료;유가 상승
5d433d47,2026-03-23,2026-03-14,DoorDash,GLOBAL,"ChatGPT 앱 연동 출시, DoorDash·Spotify·Uber 등 지원 (en)","How to use the new ChatGPT app integrations, including DoorDash, Spotify, Uber, and others",TechCrunch,https://techcrunch.com/2026/03/14/how-to-use-the-new-chatgpt-app-integrations-including-doordash-spotify-uber-and-others/,OpenAI ChatGPT에 DoorDash 주문 연동 기능 출시 | AI 음성 비서 통한 음식 주문 가능,tech,DoorDash;ChatGPT;AI 연동
5145afb5,2026-03-23,2026-03-22,땡겨요,KR,소비쿠폰 혜택 사라지자 '땡겨요' 이용자 반토막 (ko),소비쿠폰 혜택 사라지자 '땡겨요' 이용자 반토막,서울경제,https://www.sedaily.com/article/20022392,"소비쿠폰 종료 후 땡겨요 WAU 213만→127만 명 급감, 점유율 5% 이하 추락 | 일시적 쿠폰 효과로는 충성 고객 확보 어렵다는 공공배달앱 한계 재확인",business,땡겨요;INDUSTRY-KR;배달앱
dec5952f,2026-03-24,2026-03-23,DoorDash,GLOBAL,"DoorDash, 유가 급등에 대응해 기사 긴급 유류비 지원 프로그램 출시 (en)",Gas Price Relief For Dashers,DoorDash Newsroom,https://about.doordash.com/en-us/news/gas-price-relief-for-dashers,"DoorDash, 주간 125마일 이상 기사 대상 $5~$15 유류비 지원 및 주유 10% 캐시백 시행 | 이란전쟁발 유가 30% 급등에 긱워커 부담 경감 목적",product,DoorDash;유류비지원;긱워커
02b551d0,2026-03-24,2026-03-23,Grab,GLOBAL,"Grab, Delivery Hero의 Foodpanda 대만 사업 6억 달러에 인수 합의 (en)",Grab to Acquire Delivery Hero's foodpanda Delivery Business in Taiwan,Grab,https://www.grab.com/sg/press/others/grab-to-acquire-delivery-heros-foodpanda-delivery-business-in-taiwan/,"Grab, Delivery Hero의 대만 Foodpanda를 $6억 현금 인수…동남아 밖 첫 진출 | 2025년 GMV $18억·EBITDA 흑자 사업, 2026 하반기 완료 예정",business,Grab;Delivery Hero;대만인수
0956eaee,2026-03-24,2026-03-23,Delivery Hero,GLOBAL,"Delivery Hero, Foodpanda 대만 사업을 Grab에 6억 달러 매각…부채 축소 첫 단계 (en)",Germany's Delivery Hero to sell Taiwan food delivery business to Singapore-based super app Grab for $600M,TechNode Global,https://technode.global/2026/03/23/germanys-delivery-hero-to-sell-taiwan-food-delivery-business-to-singapore-based-super-app-grab-for-600m/,"Delivery Hero, 대만 Foodpanda를 Grab에 $6억 매각으로 부채 축소 전략 착수 | CEO '전략적 리뷰 핵심 첫 단계' 언급, 매각대금 채무 상환 투입",business,Delivery Hero;Grab;대만매각
98a8c4f4,2026-03-24,2026-03-20,쿠팡,KR,"로저스 쿠팡 대표, 새벽배송 10시간 뛰더니...근무여건 강화 약속 (ko)","로저스 쿠팡 대표, 새벽배송 10시간 뛰더니...근무여건 강화 약속",ZDNet Korea,https://zdnet.co.kr/view/?no=20260320102547,"로저스 쿠팡 대표, 국회 약속 이행해 10시간 새벽배송 현장 체험 완료 | 배송 노동자 근무여건·건강권 강화 약속",business,쿠팡;로저스;새벽배송
493af8bf,2026-03-25,2026-03-24,Swiggy,GLOBAL,"Swiggy, Zomato에 이어 플랫폼 수수료 17% 인상해 주문당 ₹17.58로 (en)","After Zomato, Swiggy hikes platform fee by 17% to ₹17.58 per order",Business Standard,https://www.business-standard.com/companies/news/after-zomato-swiggy-hikes-platform-fee-by-17-to-17-58-per-order-126032400903_1.html,"Swiggy, 플랫폼 수수료 17% 인상해 주문당 ₹17.58로 | 유가 급등에 따른 배달비 증가 대응, Zomato 인상에 이은 연속 수수료 인상",business,Swiggy;플랫폼수수료;유가상승
76bd10ae,2026-03-25,2026-03-24,DoorDash,GLOBAL,"패션 온디맨드: DoorDash, 신규 어패럴 브랜드 입점 (en)",Fashion On-Demand: DoorDash Welcomes New Apparel Brands,DoorDash Newsroom,https://about.doordash.com/en-us/news/doordash-adds-new-apparel-partners,Urban Outfitters·Dolce Vita·Rally House·Steve Madden 등 패션 브랜드 DoorDash 입점 | 식품 외 패션 카테고리로 리테일 수직 확장 지속,product,DoorDash;어패럴;리테일확장
4c497774,2026-03-26,2026-03-25,쿠팡,KR,"""속도 좀 느려도 괜찮아""…쿠팡, 효율성 높인 '묶음 배송' 만지작 (ko)","""속도 좀 느려도 괜찮아""…쿠팡, 효율성 높인 '묶음 배송' 만지작",뉴스1,https://www.news1.kr/industry/distribution/6112366,"쿠팡, 복수 주문상품 최소 물류거점 통합 출하하는 알고리즘 특허 출원 | Amazon 느린배송 보상 모델 벤치마킹, 배송비 절감·라이더 부담 감소 효과 기대",product,쿠팡;묶음배송;물류효율화
042dab0e,2026-03-26,2026-03-23,컬리,KR,"컬리, 1시간 내 장보기 '컬리나우' 서초점 오픈 (ko)","컬리, 1시간 내 장보기 '컬리나우' 서초점 오픈",서울경제,https://www.sedaily.com/article/20022948,컬리나우 3호 거점 서초점 오픈…서초·방배·반포·잠원 4개 동 1시간 내 배송 개시 | 전년比 주문량 2.5배 성장 기반으로 수도권 퀵커머스 거점 확대 지속,product,컬리;컬리나우;퀵커머스
966e3bfb,2026-03-26,2026-03-25,Meituan,GLOBAL,"중국 관영 미디어·규제당국, 음식배달 가격전쟁 중단 촉구…메이투안 주가 급등 (en)",State media urges end to food delivery price war,Dim Sum Daily,https://www.dimsumdaily.hk/state-media-urges-end-to-food-delivery-price-war/,"중국 국영 경제일보·시장감독관리총국, 배달업계 가격전쟁 종식 요구 공표 | 메이투안 12% 급등, 알리바바·JD닷컴 동반 상승…수익성 우선 정책 전환 신호",business,Meituan;가격전쟁;중국규제
ec1f599a,2026-03-26,2026-03-25,INDUSTRY-GLOBAL,GLOBAL,조마토·스위기가 또다시 플랫폼 수수료를 올린 이유 (en),Why Zomato and Swiggy hiked their platform fees yet again,Medianama,https://www.medianama.com/2026/03/223-why-zomato-swiggy-hiked-platform-fees/,"인도 배달 양강, 중동發 LPG 대란·유가 급등 원가 압박에 플랫폼 수수료 동반 인상 | 주문당 고정 수수료가 마진 최적화 핵심…경쟁사 Magicpin은 동결로 소비자 친화 포지셔닝",business,INDUSTRY-GLOBAL;Zomato;Swiggy
4256e9dc,2026-03-26,2026-03-19,Just Eat Takeaway,GLOBAL,"저스트잇, 영국서 아마존 알렉사+와 제휴…자연어 기반 음성 음식 주문 도입 (en)","DID SOMEBODY SAY…. ""Alexa, what's for dinner""?",Just Eat Takeaway Newsroom,https://newsroom.justeattakeaway.com/en-WW/263507-did-somebody-say-alexa-what-s-for-dinner/,"저스트잇 UK, 아마존 알렉사+ AI 어시스턴트와 협력해 10만 개 파트너 브랜드 음성 주문 서비스 출시 | 앱 내 음성 주문 기능 성공 후 외부 AI 플랫폼으로 확장, 자연어 대화 기반 주문 지원",partnership,Just Eat Takeaway;Alexa;음성주문
01fb28f5,2026-03-26,2026-03-24,DoorDash,GLOBAL,"DoorDash Ads, CPG 브랜드 대상 'Sales Lift Measurement' 솔루션 출시 (en)","DoorDash Ads Launches Sales Lift Measurement, Driving Up to 30% Incrementality Lift in Campaigns on Average for Brands",DoorDash Newsroom,https://about.doordash.com/en-us/news/doordash-ads-launches-sales-lift-measurement,"DoorDash Ads, Ghost Ads 기반 증분 판매 측정 솔루션 출시…CPG 브랜드 광고 실효성 정량화 가능 | 스폰서드 프로덕츠 캠페인 평균 30%+ 판매 증분 달성, Halo 효과 포함 ROI 측정 지원",product,DoorDash;광고플랫폼;CPG
a6b62228,2026-03-26,2026-03-23,Swish,GLOBAL,"벵갈루루 10분 식품 배달 스타트업 Swish, 3,800만 달러 시리즈B 조달 (en)","Bengaluru food delivery startup Swish raises $38M, its third round in 18 months",TechCrunch,https://techcrunch.com/2026/03/23/bengaluru-food-startup-swish-raises-38m-in-its-third-round-in-18-months/,"Swish, Bain Capital·Hara Global 주도 시리즈B 완료…기업가치 1억3900만 달러로 1년 새 2배 이상 상승 | 자체 키친·공급망·배달 풀스택 구조로 일일 주문 2만 건, 벵갈루루 10개 마이크로마켓 운영 중",business,Swish;인도;10분배달
e7c1778f,2026-03-27,2026-03-26,쿠팡,KR,"쿠팡, 대만 70% 내일배송 확대한다…AI 물류 투자 속도 (ko)","쿠팡, 대만 70% 내일배송 확대한다…AI 물류 투자 속도",글로벌이코노믹,https://www.g-enews.com/article/Distribution/2026/03/202603261729068081740eacf404_1,"쿠팡 대만 4번째 스마트 물류센터 개설, 내일배송 범위 70%로 확대 | AI·로봇 기반 풀필먼트·배송 통합 운영, 3천 개 일자리 창출",tech,쿠팡;AI물류;대만확장
ef788058,2026-03-27,2026-03-25,Uber Eats,GLOBAL,"Uber Eats, Ibotta와 독점 멀티이어 디지털 프로모션 파트너십 체결 (en)","Uber Eats added to Ibotta Performance Network through exclusive, multi-year partnership",Retail Technology Innovation Hub,https://retailtechinnovationhub.com/home/2026/3/25/uber-eats-added-to-ibotta-performance-network-through-exclusive-multi-year-partnership,"Uber Eats, Ibotta와 미국 내 독점 멀티이어 디지털 프로모션 파트너십 체결 | 앱 내 Ibotta 오퍼 우선 도입 후 Postmates 등 전체 생태계로 확대 예정",partnership,Uber Eats;Ibotta;디지털프로모션
d40e095d,2026-03-27,2026-03-26,Swiggy,GLOBAL,"Swiggy, Sarvam AI와 파트너십…11개 언어 음성 기반 음식·퀵커머스 주문 출시 (en)",Swiggy partners with Sarvam to roll out multilingual voice-led ordering,StartupNews.fyi,https://startupnews.fyi/2026/03/26/swiggy-partners-with-sarvam-to-roll-out-multilingual-voice-led-ordering/,"Swiggy, Sarvam AI와 제휴해 힌디 등 11개 언어 음성 기반 주문 기능 출시 | 음식·퀵커머스·다이닝 전 서비스에 AI 대화형 인터페이스 적용",tech,Swiggy;Sarvam;AI음성주문
cbb092f4,2026-03-27,2026-03-26,Meituan,GLOBAL,"Meituan 2025년 Q4: 매출 YoY 4.1% 성장, 손실 축소, AI 기반 사용자 참여 강화 (en)","Meituan: Q4 revenue grew 4.1% year-over-year, with narrowed losses and strong AI-driven engagement",TradingView,https://www.tradingview.com/news/urn:summary_document_transcript:quartr.com:3173371:0-meituan-q4-revenue-grew-4-1-year-over-year-with-narrowed-losses-and-strong-ai-driven-engagement/,"Meituan Q4 매출 921억 위안·YoY 4.1% 증가, 순손실 151억 위안 | 중국 정부 가격전쟁 규제 수혜로 26년 흑자 전환 전망",business,Meituan;2025Q4실적;AI
7b87898e,2026-03-27,2026-03-26,Delivery Hero,GLOBAL,"Delivery Hero, 2025 연간 감사 실적 발표…EBITDA 30% 성장·에브리데이 앱 전략 공표 (en)",Delivery Hero H2 Earnings Call Highlights,Yahoo Finance,https://finance.yahoo.com/markets/stocks/articles/delivery-hero-h2-earnings-150813352/,"2025 adj. EBITDA 9억300만 유로로 YoY 30% 성장, 잉여현금흐름 2억5천만 유로 | 퀵커머스 GMV 75억 유로 돌파, 2026 에브리데이 앱·AI 자동화 전략 발표",business,Delivery Hero;2025연간실적;에브리데이앱
03086bd1,2026-03-27,2026-03-20,Just Eat Takeaway,GLOBAL,"Just Eat, 영국서 누적 20억 주문 달성…독립 식당이 영국 경제에 £280억 기여 (en)",Independent takeaways generate £28bn for UK economy as Just Eat hits 2bn orders milestone,Grocery Gazette,https://www.grocerygazette.co.uk/2026/03/20/independent-takeaways-generate-28bn-just-eat-hits-2bn-orders-milestone/,"Just Eat, 영국 플랫폼 누적 주문 20억 건 돌파…독립 식당 90만 개 일자리 지원 | 20주년 기념 캠페인 및 신규 업종 확장(식료품·헬스뷰티) 함께 발표",business,Just Eat Takeaway;20억주문;영국경제
781ef8bb,2026-03-27,2026-03-24,Zepto,GLOBAL,"Zepto, 앱 내 후불결제 서비스 'Pay Later' 출시…금융 서비스로 사업 확장 (en)",'Moving beyond 10-minute race': Zepto launches Pay Later facility,Business Standard,https://www.business-standard.com/companies/news/zepto-launches-pay-later-facility-126032401010_1.html,"Zepto, BNPL 서비스 'Zepto Pay Later' 출시…전 사용자로 확대 예정 | '10분 배달 경쟁 너머' 금융 서비스 영역으로 사업 다각화 시도",product,Zepto;Pay Later;핀테크
64329f32,2026-03-27,2026-03-20,Wolt,GLOBAL,"Wolt 사이프러스 배달기사 500명+, 임금·근무조건 불만으로 파업 돌입 (en)",Wolt drivers launch strike over pay and conditions,Cyprus Mail,https://cyprus-mail.com/2026/03/20/wolt-drivers-launch-strike-over-pay-and-conditions,"사이프러스 Wolt 배달기사 500명 이상, 지속적인 요금 인하·불합리한 조건에 파업 선언 | 기사의 80%가 3자 계약 구조, 2024년 단체협약 이후에도 수입 악화",business,Wolt;기사파업;사이프러스
9083b3cd,2026-03-27,2026-03-25,iFood,GLOBAL,"iFood, AI 에이전트 9개 운영…전체 업무의 32% 재설계 완료 (pt)",iFood já tem 9 agentes de IA e redesenhou 32% das atividades,TI Inside,https://tiinside.com.br/en/25/03/2026/ifood-ja-tem-9-mil-agentes-de-ia-e-redesenhou-32-das-atividades/,"iFood CEO, AI 에이전트 9개 도입으로 전체 업무 32% 재설계 완료 발표 | 2021년 생성형 AI 도입 후 자율 처리 단계로 진화, 업무 자동화 가속",tech,iFood;AI에이전트;자동화
24233134,2026-03-27,2026-03-23,出前館(Demae-can),GLOBAL,"데마에칸, NEC 기술 활용해 배달원 등록 본인인증 시스템 대폭 개선 (jp)",出前館、NECの技術を活用して、配達員登録における本人確認を大幅刷新,出前館 Corporate Newsroom,https://corporate.demae-can.co.jp/pr/news/20260323_driver.html,"데마에칸, IC칩 판독 방식·NEC 기술로 배달원 본인인증 정확도 향상 | AI 심사 자동화로 부정 등록 방지 및 등록 프로세스 효율화",tech,出前館(Demae-can);NEC;AI인증
